1,nan
2,nan
3,nan
4,nan
5,nan
6,nan
7,nan
8,nan
9,nan
10,nan
11,nan
12,nan
13,nan
14,nan
15,nan
16,nan
17,nan
18,nan
19,nan
20,nan
21,nan
22,-0.471642
23,-0.229944
24,0.054985
25,-0.082772
26,0.724015
27,1.8964450000000002
28,0.244741
29,0.184051
30,0.15817
31,-0.036422
32,0.07055700000000001
33,0.520605
34,0.441163
35,0.915401
36,0.871235
37,0.6598189999999999
38,0.706492
39,1.218092
40,0.50126
41,0.486917
42,1.6119299999999999
43,1.1926780000000001
44,1.527583
45,0.090956
46,0.063449
47,-0.06550800000000001
48,0.150851
49,-0.25971900000000003
50,0.573731
51,0.914132
52,0.8661639999999999
53,0.611242
54,1.395052
55,0.117289
56,-0.017111
57,0.033845
58,-0.045323
59,0.41426499999999994
60,2.6894259999999997
61,0.381869
62,0.27469899999999997
63,-0.054449000000000004
64,1.482777
65,-0.143182
66,1.614139
67,1.472823
68,1.053356
69,1.267094
70,1.566337
71,1.9430939999999999
72,0.751637
73,0.077308
74,0.43449
75,nan
76,1.010311
77,2.2006069999999998
78,1.6715470000000001
79,0.8842190000000001
80,1.617796
81,1.4130260000000001
82,1.8479830000000002
83,0.464084
84,0.0030269999999999997
85,0.099973
86,0.042061
87,-0.147606
88,-0.034108
89,-0.07699299999999999
90,-0.001047
91,0.05892000000000001
92,0.07989199999999999
93,-0.0406
94,0.20423
95,0.764871
96,0.105849
97,0.012847999999999998
98,-0.020793
99,-0.0064849999999999994
100,0.105294
101,0.016850999999999998
102,-0.08451399999999999
103,0.00589
104,1.8503560000000001
105,3.4256849999999996
106,1.51546
107,0.9513360000000001
108,1.3069979999999999
109,-0.0511
110,-0.05191799999999999
111,0.112507
112,0.258327
113,0.000334
114,-0.00037
115,0.010093000000000001
116,-0.061997000000000003
117,0.036395
118,0.03388
119,0.102486
120,0.07399299999999999
121,0.152778
122,-0.004733
123,-0.155254
124,-0.122866
125,-0.036597000000000005
126,-0.008523000000000001
127,0.23897600000000002
128,0.359113
129,1.384406
130,1.31036
131,1.512708
132,1.0013889999999999
133,1.861278
134,1.399802
135,1.746578
136,1.9615060000000002
137,1.824259
138,1.427791
139,0.891217
140,1.756895
141,1.7380630000000001
142,1.4942790000000001
143,1.4133120000000001
144,1.6676090000000001
145,1.7755849999999997
146,1.4940129999999998
147,1.095422
148,1.570211
149,1.387265
150,0.172448
151,0.058134000000000005
152,0.0020039999999999997
153,0.007320999999999999
154,0.008804000000000001
155,0.025096
156,0.03394
157,0.095139
158,0.126095
159,0.021093
160,0.15495699999999998
161,0.158992
162,0.32864899999999997
163,0.019687
164,0.18898299999999998
165,0.12247999999999999
166,0.193686
167,0.202424
168,0.175733
169,0.656238
170,0.08427799999999999
171,0.052693
172,0.06311
173,0.07119
174,1.050167
175,0.014084000000000001
176,-0.054002999999999995
177,0.052976999999999996
178,0.031432999999999996
179,-0.018741
180,-0.069851
181,0.041162
182,-0.081458
183,-0.133685
184,-0.14285
185,0.285234
186,0.441856
187,2.665127
188,-0.02988
189,-0.052913999999999996
190,-0.183814
191,0.013956
192,-0.077407
193,nan
194,0.375738
195,0.21005900000000002
196,-0.14885
197,-0.04987
198,0.017778
199,0.132418
200,1.089799
201,1.5521770000000001
202,0.734699
203,0.6112810000000001
204,0.8695700000000001
205,0.317737
206,0.050725
207,0.055448000000000004
208,-0.038251
209,0.337192
210,0.874683
211,0.418537
212,0.26308400000000004
213,-0.036258
214,-0.70901
215,-0.228714
216,-0.052780999999999995
217,-0.07053999999999999
218,-0.009983
219,0.528953
220,1.480479
221,0.253292
222,0.461164
223,2.0342189999999998
224,0.186474
225,0.072742
226,-0.137125
227,0.032681
228,-0.018033
229,-0.00132
230,-0.066972
231,-0.048517000000000005
232,-0.056321
233,-0.043787
234,0.234105
235,1.844697
236,0.035414999999999995
237,0.062354
238,0.255225
239,1.592837
240,1.324403
241,0.8485290000000001
242,0.779507
243,0.196503
244,0.019833
245,-0.067705
246,0.0055899999999999995
247,-0.021679
248,0.031181999999999998
249,-0.009486
250,-0.08931900000000001
251,-0.16356600000000002
252,0.182118
253,0.011434999999999999
254,0.070033
255,0.025269
256,0.161465
257,0.717348
258,0.29285100000000003
259,0.24604
260,0.045097000000000005
261,0.038409
262,0.026227999999999998
263,-0.034468
264,-0.029417000000000002
265,0.043804
266,0.042093
267,0.037856
268,0.006575
269,-0.09787799999999999
270,0.036044
271,-0.156431
272,0.000974
273,-0.020815
274,0.150539
275,-0.397843
276,0.004799
277,0.093568
278,-0.005068
279,0.035920999999999995
280,0.10304200000000001
281,0.045543
282,0.078808
283,0.06814500000000001
284,0.213312
285,0.488994
286,0.259247
287,1.122683
288,0.660053
289,0.019785
290,0.027917
291,0.014196
292,-0.071465
293,0.027563
294,0.181867
295,0.373073
296,0.203738
297,0.959425
298,1.1746889999999999
299,0.060563
300,0.549774
301,0.132925
302,0.177976
303,0.159643
304,0.18329
305,0.108177
306,0.208304
307,0.094403
308,0.23815
309,0.323351
310,0.352387
311,0.563454
312,0.5206430000000001
313,0.058962
314,0.37966700000000003
315,0.44974
316,0.313924
317,0.332962
318,0.574446
319,0.158495
320,-0.183078
321,0.005432
322,-0.00519
323,0.20594
324,0.320325
325,1.448197
326,0.433616
327,0.9976860000000001
328,0.42497299999999993
329,0.099469
330,0.089122
331,0.085765
332,-0.013137000000000001
333,0.521709
334,1.283009
335,0.616715
336,0.523379
337,1.306411
338,0.04222
339,-0.013216
340,-0.38925
341,-0.003511
342,0.185149
343,0.354174
344,1.888238
345,1.0542559999999999
346,1.054657
347,0.887375
348,0.42835200000000007
349,0.11548800000000001
350,0.135551
351,0.087007
352,0.176836
353,0.207314
354,0.197909
355,-0.347848
356,0.08527799999999999
357,0.073257
358,0.124135
359,0.049769
360,-0.054553
361,0.053364
362,0.12355799999999999
363,-0.053444000000000005
364,0.065693
365,0.088115
366,0.079953
367,0.16343
368,0.538508
369,1.0317129999999999
370,2.010818
371,1.12761
372,0.718076
373,0.071144
374,-0.091831
375,0.09783700000000001
376,0.217396
377,0.8735209999999999
378,0.16356800000000002
379,0.0848
380,0.205973
381,0.731012
382,2.400439
383,1.0389059999999999
384,0.070353
385,0.101467
386,0.044017
387,0.002486
388,0.065872
389,0.20059200000000002
390,-0.014100999999999999
391,-0.0019260000000000002
392,0.059741999999999996
393,-0.034954
394,0.169996
395,0.301507
396,1.210756
397,2.001394
398,0.969865
399,2.0317689999999997
400,1.028349
401,1.345512
402,1.4005670000000001
403,2.8196790000000003
404,0.700696
405,1.092717
406,1.740577
407,0.121627
408,0.0016170000000000002
409,0.058071000000000005
410,-0.023118
411,-0.027601999999999998
412,-0.262994
413,0.025195
414,0.04796
415,0.164019
416,0.254214
417,0.256272
418,0.41577
419,-0.05849
420,-0.033322000000000004
421,-0.107027
422,-0.041500999999999996
423,-0.017677000000000002
424,-0.135993
425,0.0072109999999999995
426,-0.059744000000000005
427,-0.110759
428,1.5503870000000002
429,0.09412000000000001
430,-0.593721
431,0.030842
432,-0.238098
433,-0.170877
434,0.385176
435,1.121062
436,1.925502
437,1.930561
438,1.725809
439,0.5241939999999999
440,-0.024613999999999997
441,-0.08101699999999999
442,-0.18976400000000002
443,0.20333199999999998
444,0.68043
445,1.0177829999999999
446,1.304933
447,1.861576
448,-0.104154
449,0.100656
450,-0.412429
451,0.092652
452,0.023135
453,-1.1e-05
454,-0.025107
455,-0.11205599999999999
456,-0.001259
457,0.022851
458,0.045181
459,0.062687
460,-0.059910000000000005
461,-0.028081000000000002
462,0.005521
463,-0.040261
464,0.007758
465,-0.033645
466,0.11266300000000001
467,1.076336
468,0.507001
469,0.9810190000000001
470,-0.020941
471,-0.5138010000000001
472,0.030188
473,0.7458239999999999
474,1.580154
475,-0.027150999999999998
476,0.040501
477,0.09055
478,0.074379
479,2.496889
480,1.794814
481,1.154199
482,0.5355850000000001
483,0.31653200000000004
484,0.119868
485,0.27255999999999997
486,0.21860300000000002
487,0.13905499999999998
488,0.330347
489,0.181541
490,0.078604
491,0.007262
492,0.074999
493,0.179974
494,0.353243
495,0.287975
496,0.164805
497,0.31653600000000004
498,0.083957
499,0.216617
500,0.102475
501,0.07346699999999999
502,0.040283
503,0.050089
504,-0.028835000000000003
505,0.367379
506,0.30716
507,0.233213
508,0.585394
509,0.320393
510,0.33926
511,0.13107
512,0.21885
513,0.17937899999999998
514,0.534226
515,1.33029
516,0.959623
517,1.106056
518,0.77513
519,0.63216
520,0.276522
521,0.5682159999999999
522,0.267898
523,0.35931199999999996
524,0.153074
525,0.63246
526,0.41487299999999994
527,0.7369140000000001
528,0.41830500000000004
529,0.328631
530,0.15136
531,0.19084500000000001
532,0.514741
533,0.098687
534,0.129117
535,-0.036308
536,0.286692
537,0.714583
538,0.8305290000000001
539,0.438414
540,0.339412
541,0.297039
542,0.454901
543,0.601896
544,0.811829
545,0.548512
546,-0.007233
547,0.045857999999999996
548,0.166203
549,0.196433
550,0.22960999999999998
551,0.300048
552,1.107133
553,0.363823
554,0.280584
555,0.24088
556,0.300816
557,0.267047
558,0.7836609999999999
559,0.46151499999999995
560,1.00173
561,0.949551
562,0.710224
563,1.567949
564,0.170072
565,0.147231
566,0.047097
567,-0.057503
568,0.017587000000000002
569,-0.20509499999999997
570,0.006968000000000001
571,-0.052320000000000005
572,-0.08117200000000001
573,0.0073420000000000004
574,0.200549
575,0.02019
576,0.395983
577,0.91756
578,-0.07362
579,-0.043512
580,0.008089
581,0.07297000000000001
582,0.089739
583,0.359356
584,0.6967899999999999
585,-0.0018149999999999998
586,0.270262
587,-0.061466
588,0.102531
589,-0.008163
590,-0.145155
591,0.27108499999999996
592,2.128931
593,0.880028
594,0.98867
595,0.985993
596,0.625892
597,1.56464
598,-0.030506000000000002
599,-0.005145
600,0.004682
601,-0.08205599999999999
602,0.242153
603,0.21493099999999998
604,0.240229
605,0.191829
606,0.255861
607,-0.066075
608,-0.018304
609,-0.07702
610,0.041977999999999994
611,0.018807
612,0.064614
613,-0.004386
614,0.046673
615,-0.032325
616,0.08202100000000001
617,-0.041661000000000004
618,-0.012601000000000001
619,0.13285999999999998
620,-0.111551
621,0.166651
622,0.23540100000000003
623,1.051609
624,1.834818
625,1.2662579999999999
626,0.090682
627,-0.025408
628,-0.040929
629,0.10749600000000001
630,0.034308
631,0.111562
632,-0.012999
633,0.690751
634,0.892624
635,1.2276559999999999
636,0.6832239999999999
637,2.141738
638,0.246144
639,0.358898
640,0.302654
641,0.13250599999999998
642,0.162435
643,0.46920500000000004
644,1.235126
645,0.787718
646,0.538503
647,1.6735689999999999
648,2.1287529999999997
649,1.397935
650,1.170677
651,0.463904
652,0.17748699999999998
653,-0.039064
654,0.07418
655,0.10758800000000002
656,0.003831
657,0.42804899999999996
658,0.196082
659,0.113384
660,0.555351
661,0.143259
662,0.363073
663,0.390234
664,0.080788
665,0.065054
666,0.310008
667,0.9454629999999999
668,0.118432
669,0.073045
670,0.31532
671,0.14618399999999998
672,1.590296
673,-0.032806999999999996
674,0.032476
675,-0.01103
676,-0.02476
677,-0.080361
678,-0.242524
679,0.01674
680,0.134939
681,1.101451
682,0.43934300000000004
683,1.774672
684,1.8996259999999998
685,1.052129
686,0.359631
687,0.145607
688,0.038285
689,-0.160631
690,-0.020416999999999998
691,1.350235
692,1.1221
693,0.934947
694,0.9684389999999999
695,-0.092046
696,0.005831
697,0.07205700000000001
698,0.533864
699,0.9115340000000001
700,5.724882